,USER_ID,ITEM_ID,EVENT_TYPE,eventValue,TIMESTAMP
0,1,918382,watch,5,1681289127
1,1,920916,watch,5,1681289127
2,1,918356,watch,5,1681289127
3,1,920923,watch,5,1681289127
4,1,918307,watch,5,1681289127
5,1,920865,watch,5,1681289127
6,1,920929,watch,5,1681289127
7,1,920822,watch,5,1681289127
8,1,920872,watch,5,1681289127
9,1,920867,watch,5,1681289127
10,2,920883,watch,5,1681289127
11,2,920915,watch,5,1681289127
12,2,920928,watch,5,1681289127
13,2,920827,watch,5,1681289127
14,2,918332,watch,5,1681289127
15,2,918370,watch,5,1681289127
16,2,918364,watch,5,1681289127
17,2,920817,watch,5,1681289127
18,2,920815,watch,5,1681289127
19,2,918320,watch,5,1681289127
20,3,920859,watch,4,1681289127
21,3,920862,watch,5,1681289127
22,3,920863,watch,4,1681289127
23,3,920839,watch,5,1681289127
24,3,920869,watch,5,1681289127
25,3,920857,watch,4,1681289127
26,4,920810,watch,5,1681289127
27,4,920799,watch,4,1681289127
28,4,920808,watch,4,1681289127
29,4,918330,watch,4,1681289127
30,4,920800,watch,4,1681289127
31,5,920877,watch,5,1681289127
32,5,918317,watch,5,1681289127
33,5,920865,watch,5,1681289127
34,5,920915,watch,5,1681289127
35,5,920923,watch,5,1681289127
36,5,920875,watch,5,1681289127
37,5,918367,watch,5,1681289127
38,5,920827,watch,5,1681289127
39,5,920926,watch,5,1681289127
40,5,918366,watch,5,1681289127
41,7,920947,watch,5,1681289127
42,7,920877,watch,5,1681289127
43,7,920939,watch,4,1681289127
44,7,920953,watch,4,1681289127
45,8,920869,watch,5,1681289127
46,8,920839,watch,5,1681289127
47,8,920837,watch,4,1681289127
48,8,920862,watch,5,1681289127
49,8,920817,watch,5,1681289127
50,9,920799,watch,4,1681289127
51,9,918316,watch,5,1681289127
52,9,920804,watch,5,1681289127
53,9,918386,watch,4,1681289127
54,10,920916,watch,5,1681289127
55,10,918319,watch,5,1681289127
56,10,920867,watch,5,1681289127
57,10,918354,watch,5,1681289127
58,10,918370,watch,5,1681289127
59,10,920822,watch,5,1681289127
60,10,920941,watch,5,1681289127
61,10,918357,watch,5,1681289127
62,10,918325,watch,5,1681289127
63,10,920862,watch,5,1681289127
64,11,920827,watch,5,1681289127
65,11,918382,watch,5,1681289127
66,11,918357,watch,5,1681289127
67,11,920923,watch,5,1681289127
68,11,920865,watch,5,1681289127
69,11,918325,watch,5,1681289127
70,11,918320,watch,5,1681289127
71,11,918359,watch,5,1681289127
72,11,920862,watch,5,1681289127
73,11,918370,watch,5,1681289127
74,12,920840,watch,5,1681289127
75,12,920812,watch,5,1681289127
76,12,920862,watch,5,1681289127
77,12,920867,watch,5,1681289127
78,12,920833,watch,5,1681289127
79,12,920929,watch,5,1681289127
80,12,918370,watch,5,1681289127
81,12,920877,watch,5,1681289127
82,12,920934,watch,5,1681289127
83,12,920918,watch,5,1681289127
84,13,918384,watch,5,1681289127
85,13,918318,watch,5,1681289127
86,13,920940,watch,5,1681289127
87,14,918361,watch,5,1681289127
88,14,918333,watch,5,1681289127
89,14,918311,watch,5,1681289127
90,14,918330,watch,4,1681289127
91,14,918357,watch,5,1681289127
92,14,920878,watch,5,1681289127
93,15,918317,watch,5,1681289127
94,15,920827,watch,5,1681289127
95,15,918383,watch,5,1681289127
96,15,920915,watch,5,1681289127
97,15,920942,watch,5,1681289127
98,15,920926,watch,5,1681289127
99,15,920875,watch,5,1681289127
100,15,920822,watch,5,1681289127
101,15,920877,watch,5,1681289127
102,15,920872,watch,5,1681289127
103,17,920702,watch,5,1681289127
104,17,918340,watch,5,1681289127
105,17,918352,watch,5,1681289127
106,17,920841,watch,5,1681289127
107,17,920915,watch,5,1681289127
108,17,920917,watch,4,1681289127
109,17,918351,watch,4,1681289127
110,17,918332,watch,5,1681289127
111,17,918337,watch,5,1681289127
112,17,920931,watch,4,1681289127
113,18,920808,watch,4,1681289127
114,18,920802,watch,4,1681289127
115,19,920838,watch,4,1681289127
116,19,920833,watch,5,1681289127
117,19,920863,watch,4,1681289127
118,20,918319,watch,5,1681289127
119,20,920878,watch,5,1681289127
120,20,918332,watch,5,1681289127
121,20,920817,watch,5,1681289127
122,20,918354,watch,5,1681289127
123,20,920941,watch,5,1681289127
124,20,920867,watch,5,1681289127
125,20,918325,watch,5,1681289127
126,20,920828,watch,5,1681289127
127,20,920815,watch,5,1681289127
128,21,920872,watch,5,1681289127
129,21,918356,watch,5,1681289127
130,21,918307,watch,5,1681289127
131,21,920923,watch,5,1681289127
132,21,920812,watch,5,1681289127
133,21,920918,watch,5,1681289127
134,21,920867,watch,5,1681289127
135,21,920929,watch,5,1681289127
136,21,920827,watch,5,1681289127
137,21,920941,watch,5,1681289127
138,22,920934,watch,5,1681289127
139,22,920872,watch,5,1681289127
140,22,920915,watch,5,1681289127
141,22,920916,watch,5,1681289127
142,22,920891,watch,5,1681289127
143,22,918325,watch,5,1681289127
144,22,918382,watch,5,1681289127
145,22,920827,watch,5,1681289127
146,22,920815,watch,5,1681289127
147,22,920865,watch,5,1681289127
148,23,920821,watch,3,1681289127
149,23,920817,watch,5,1681289127
150,23,920839,watch,5,1681289127
151,23,920858,watch,4,1681289127
152,23,920837,watch,4,1681289127
153,24,918328,watch,4,1681289127
154,25,920925,watch,5,1681289127
155,25,918319,watch,5,1681289127
156,25,920827,watch,5,1681289127
157,25,920894,watch,5,1681289127
158,25,918369,watch,5,1681289127
159,25,920942,watch,5,1681289127
160,25,920872,watch,5,1681289127
161,25,920822,watch,5,1681289127
162,25,920875,watch,5,1681289127
163,25,918335,watch,5,1681289127
164,27,918387,watch,5,1681289128
165,27,918380,watch,4,1681289128
166,28,920868,watch,5,1681289128
167,28,920865,watch,5,1681289128
168,28,920866,watch,4,1681289128
169,28,920898,watch,4,1681289128
170,29,918380,watch,4,1681289128
171,29,918372,watch,4,1681289128
172,30,918307,watch,5,1681289128
173,30,918369,watch,5,1681289128
174,30,920812,watch,5,1681289128
175,30,920864,watch,5,1681289128
176,30,920817,watch,5,1681289128
177,30,920883,watch,5,1681289128
178,30,918325,watch,5,1681289128
179,30,918332,watch,5,1681289128
180,30,920915,watch,5,1681289128
181,30,920941,watch,5,1681289128
182,31,920815,watch,5,1681289128
183,31,918320,watch,5,1681289128
184,31,920865,watch,5,1681289128
185,31,920840,watch,5,1681289128
186,31,920862,watch,5,1681289128
187,31,918354,watch,5,1681289128
188,31,920916,watch,5,1681289128
189,31,920867,watch,5,1681289128
190,31,920883,watch,5,1681289128
191,31,918359,watch,5,1681289128
192,32,918359,watch,5,1681289128
193,32,920862,watch,5,1681289128
194,32,920812,watch,5,1681289128
195,32,918307,watch,5,1681289128
196,32,918332,watch,5,1681289128
197,32,918319,watch,5,1681289128
198,32,920916,watch,5,1681289128
199,32,918357,watch,5,1681289128
200,32,920877,watch,5,1681289128
201,32,920883,watch,5,1681289128
202,33,920799,watch,4,1681289128
203,33,918347,watch,4,1681289128
204,33,918350,watch,4,1681289128
205,33,920802,watch,4,1681289128
206,34,918370,watch,5,1681289128
207,34,918362,watch,4,1681289128
208,34,918356,watch,5,1681289128
209,34,918311,watch,5,1681289128
210,34,918368,watch,5,1681289128
211,34,918366,watch,5,1681289128
212,35,920864,watch,5,1681289128
213,35,920822,watch,5,1681289128
214,35,920916,watch,5,1681289128
215,35,918317,watch,5,1681289128
216,35,920824,watch,5,1681289128
217,35,920843,watch,5,1681289128
218,35,918335,watch,5,1681289128
219,35,920877,watch,5,1681289128
220,35,918369,watch,5,1681289128
221,35,918366,watch,5,1681289128
222,37,918363,watch,3,1681289128
223,37,918330,watch,4,1681289128
224,37,920878,watch,5,1681289128
225,37,918333,watch,5,1681289128
226,37,918342,watch,4,1681289128
227,37,918360,watch,5,1681289128
228,37,920882,watch,4,1681289128
229,37,920829,watch,5,1681289128
230,37,918316,watch,5,1681289128
231,37,918366,watch,5,1681289128
232,39,918312,watch,4,1681289128
233,39,918328,watch,4,1681289128
234,40,920862,watch,5,1681289128
235,40,920833,watch,5,1681289128
236,40,918375,watch,5,1681289128
237,40,920929,watch,5,1681289128
238,40,920923,watch,5,1681289128
239,40,920872,watch,5,1681289128
240,40,918332,watch,5,1681289128
241,40,918354,watch,5,1681289128
242,40,918314,watch,5,1681289128
243,40,920817,watch,5,1681289128
244,41,920817,watch,5,1681289128
245,41,918359,watch,5,1681289128
246,41,918332,watch,5,1681289128
247,41,918319,watch,5,1681289128
248,41,918375,watch,5,1681289128
249,41,918357,watch,5,1681289128
250,41,920833,watch,5,1681289128
251,41,920828,watch,5,1681289128
252,41,920916,watch,5,1681289128
253,41,918370,watch,5,1681289128
254,42,918375,watch,5,1681289128
255,42,920840,watch,5,1681289128
256,42,920864,watch,5,1681289128
257,42,918354,watch,5,1681289128
258,42,920828,watch,5,1681289128
259,42,920827,watch,5,1681289128
260,42,920878,watch,5,1681289128
261,42,918359,watch,5,1681289128
262,42,918319,watch,5,1681289128
263,42,920822,watch,5,1681289128
264,43,920859,watch,4,1681289128
265,43,920821,watch,3,1681289128
266,43,920865,watch,5,1681289128
267,43,920837,watch,4,1681289128
268,44,920855,watch,4,1681289128
269,44,920866,watch,4,1681289128
270,44,920868,watch,5,1681289128
271,44,920862,watch,5,1681289128
272,45,920874,watch,5,1681289128
273,45,920892,watch,5,1681289128
274,45,920942,watch,5,1681289128
275,45,920923,watch,5,1681289128
276,45,920944,watch,5,1681289128
277,45,918357,watch,5,1681289128
278,45,920915,watch,5,1681289128
279,45,920877,watch,5,1681289128
280,45,918383,watch,5,1681289128
281,45,920827,watch,5,1681289128
282,47,920823,watch,5,1681289128
283,47,918329,watch,4,1681289128
284,47,918364,watch,5,1681289128
285,47,920801,watch,4,1681289128
286,47,920882,watch,4,1681289128
287,47,920830,watch,4,1681289128
288,47,920901,watch,4,1681289128
289,47,920810,watch,5,1681289128
290,47,920837,watch,4,1681289128
291,47,920806,watch,4,1681289128
292,48,920954,watch,5,1681289128
293,48,920947,watch,5,1681289128
294,48,920872,watch,5,1681289128
295,49,918375,watch,5,1681289128
296,49,918383,watch,5,1681289128
297,49,920902,watch,4,1681289128
298,50,918307,watch,5,1681289128
299,50,918382,watch,5,1681289128
300,50,918369,watch,5,1681289128
301,50,920827,watch,5,1681289128
302,50,920883,watch,5,1681289128
303,50,920840,watch,5,1681289128
304,50,920864,watch,5,1681289128
305,50,920923,watch,5,1681289128
306,50,918364,watch,5,1681289128
307,50,918354,watch,5,1681289128
308,51,918354,watch,5,1681289128
309,51,918370,watch,5,1681289128
310,51,918375,watch,5,1681289128
311,51,918364,watch,5,1681289128
312,51,920864,watch,5,1681289128
313,51,920822,watch,5,1681289128
314,51,920865,watch,5,1681289128
315,51,920891,watch,5,1681289128
316,51,918320,watch,5,1681289128
317,51,920827,watch,5,1681289128
318,52,920891,watch,5,1681289128
319,52,920877,watch,5,1681289128
320,52,920865,watch,5,1681289128
321,52,918369,watch,5,1681289128
322,52,920915,watch,5,1681289128
323,52,918354,watch,5,1681289128
324,52,920929,watch,5,1681289128
325,52,918375,watch,5,1681289128
326,52,918357,watch,5,1681289128
327,52,918382,watch,5,1681289128
328,53,918363,watch,3,1681289128
329,53,920885,watch,5,1681289128
330,53,918341,watch,4,1681289128
331,53,918366,watch,5,1681289128
332,53,918359,watch,5,1681289128
333,53,918385,watch,3,1681289128
334,53,918343,watch,4,1681289128
335,53,918389,watch,4,1681289128
336,53,918329,watch,4,1681289128
337,53,918369,watch,5,1681289128
338,54,918329,watch,4,1681289128
339,54,920816,watch,4,1681289128
340,54,920799,watch,4,1681289128
341,55,920925,watch,5,1681289128
342,55,920822,watch,5,1681289128
343,55,918366,watch,5,1681289128
344,55,918317,watch,5,1681289128
345,55,918369,watch,5,1681289128
346,55,920928,watch,5,1681289128
347,55,920923,watch,5,1681289128
348,55,920874,watch,5,1681289128
349,55,920926,watch,5,1681289128
350,55,918356,watch,5,1681289128
351,57,920938,watch,4,1681289128
352,57,920958,watch,4,1681289128
353,57,920948,watch,4,1681289128
354,57,920952,watch,4,1681289128
355,60,918370,watch,5,1681289129
356,60,920916,watch,5,1681289129
357,60,920812,watch,5,1681289129
358,60,920815,watch,5,1681289129
359,60,920915,watch,5,1681289129
360,60,920833,watch,5,1681289129
361,60,920865,watch,5,1681289129
362,60,920862,watch,5,1681289129
363,60,920891,watch,5,1681289129
364,60,920864,watch,5,1681289129
365,61,918319,watch,5,1681289129
366,61,918369,watch,5,1681289129
367,61,920891,watch,5,1681289129
368,61,918314,watch,5,1681289129
369,61,920812,watch,5,1681289129
370,61,920878,watch,5,1681289129
371,61,918325,watch,5,1681289129
372,61,920913,watch,5,1681289129
373,61,920923,watch,5,1681289129
374,61,920822,watch,5,1681289129
375,62,918375,watch,5,1681289129
376,62,920872,watch,5,1681289129
377,62,918325,watch,5,1681289129
378,62,920815,watch,5,1681289129
379,62,920923,watch,5,1681289129
380,62,920929,watch,5,1681289129
381,62,918320,watch,5,1681289129
382,62,920878,watch,5,1681289129
383,62,918357,watch,5,1681289129
384,62,918359,watch,5,1681289129
385,63,920866,watch,4,1681289129
386,63,920898,watch,4,1681289129
387,63,920859,watch,4,1681289129
388,63,920817,watch,5,1681289129
389,64,918320,watch,5,1681289129
390,64,920911,watch,5,1681289129
391,64,918378,watch,4,1681289129
392,64,918332,watch,5,1681289129
393,64,920918,watch,5,1681289129
394,64,918355,watch,4,1681289129
395,64,920920,watch,5,1681289129
396,64,918310,watch,5,1681289129
397,65,918333,watch,5,1681289129
398,65,918316,watch,5,1681289129
399,65,918367,watch,5,1681289129
400,65,920865,watch,5,1681289129
401,65,920915,watch,5,1681289129
402,65,918383,watch,5,1681289129
403,65,920894,watch,5,1681289129
404,65,920928,watch,5,1681289129
405,65,918369,watch,5,1681289129
406,65,920926,watch,5,1681289129
407,67,918343,watch,4,1681289129
408,67,918345,watch,5,1681289129
409,67,920885,watch,5,1681289129
410,67,918359,watch,5,1681289129
411,67,918329,watch,4,1681289129
412,67,918367,watch,4,1681289129
413,68,918375,watch,5,1681289129
414,68,918376,watch,5,1681289129
415,68,918377,watch,5,1681289129
416,68,918380,watch,4,1681289129
417,68,918379,watch,4,1681289129
418,68,918371,watch,5,1681289129
419,69,920862,watch,5,1681289129
420,69,920831,watch,5,1681289129
421,70,918307,watch,5,1681289129
422,70,920915,watch,5,1681289129
423,70,920833,watch,5,1681289129
424,70,918354,watch,5,1681289129
425,70,920883,watch,5,1681289129
426,70,918332,watch,5,1681289129
427,70,918319,watch,5,1681289129
428,70,920862,watch,5,1681289129
429,70,918357,watch,5,1681289129
430,70,920891,watch,5,1681289129
431,71,920883,watch,5,1681289129
432,71,920827,watch,5,1681289129
433,71,920929,watch,5,1681289129
434,71,918357,watch,5,1681289129
435,71,920934,watch,5,1681289129
436,71,920840,watch,5,1681289129
437,71,920812,watch,5,1681289129
438,71,920915,watch,5,1681289129
439,71,918370,watch,5,1681289129
440,71,918314,watch,5,1681289129
441,72,918359,watch,5,1681289129
442,72,918320,watch,5,1681289129
443,72,918370,watch,5,1681289129
444,72,918356,watch,5,1681289129
445,72,918364,watch,5,1681289129
446,72,918307,watch,5,1681289129
447,72,920833,watch,5,1681289129
448,72,920865,watch,5,1681289129
449,72,920828,watch,5,1681289129
450,72,920812,watch,5,1681289129
451,73,918371,watch,5,1681289129
452,73,920902,watch,4,1681289129
453,73,918373,watch,5,1681289129
454,73,918387,watch,5,1681289129
455,73,918379,watch,4,1681289129
456,73,918374,watch,4,1681289129
457,74,920901,watch,4,1681289129
458,75,920825,watch,5,1681289129
459,75,920894,watch,5,1681289129
460,75,920874,watch,5,1681289129
461,75,920872,watch,5,1681289129
462,75,918385,watch,5,1681289129
463,75,918316,watch,5,1681289129
464,75,920827,watch,5,1681289129
465,75,920926,watch,5,1681289129
466,75,920875,watch,5,1681289129
467,75,920915,watch,5,1681289129
468,77,920852,watch,4,1681289129
469,77,918328,watch,4,1681289129
470,78,918329,watch,4,1681289129
471,78,918347,watch,4,1681289129
472,78,920804,watch,5,1681289129
473,78,918330,watch,4,1681289129
474,78,920813,watch,4,1681289129
475,78,920829,watch,5,1681289129
476,78,918348,watch,4,1681289129
477,78,920806,watch,4,1681289129
478,79,920874,watch,5,1681289129
479,79,920901,watch,4,1681289129
480,79,920897,watch,5,1681289129
481,80,920872,watch,5,1681289129
482,80,920918,watch,5,1681289129
483,80,918354,watch,5,1681289129
484,80,920883,watch,5,1681289129
485,80,918320,watch,5,1681289129
486,80,918364,watch,5,1681289129
487,80,918325,watch,5,1681289129
488,80,920915,watch,5,1681289129
489,80,920865,watch,5,1681289129
490,80,920827,watch,5,1681289129
491,81,920864,watch,5,1681289129
492,81,920828,watch,5,1681289129
493,81,920827,watch,5,1681289129
494,81,920812,watch,5,1681289129
495,81,918382,watch,5,1681289129
496,81,918314,watch,5,1681289129
497,81,920915,watch,5,1681289129
498,81,920916,watch,5,1681289129
499,81,920815,watch,5,1681289129
500,81,920929,watch,5,1681289129
501,82,918370,watch,5,1681289129
502,82,918382,watch,5,1681289129
503,82,918357,watch,5,1681289129
504,82,920923,watch,5,1681289129
505,82,920867,watch,5,1681289129
506,82,920817,watch,5,1681289129
507,82,920827,watch,5,1681289129
508,82,918325,watch,5,1681289129
509,82,920915,watch,5,1681289129
510,82,918319,watch,5,1681289129
511,83,920800,watch,4,1681289129
512,83,920808,watch,4,1681289129
513,83,920829,watch,5,1681289129
514,83,920802,watch,4,1681289129
515,83,920812,watch,5,1681289129
516,83,918316,watch,5,1681289129
517,84,920874,watch,5,1681289129
518,84,920894,watch,3,1681289129
519,85,920843,watch,5,1681289129
520,85,920875,watch,5,1681289129
521,85,920894,watch,5,1681289129
522,85,918316,watch,5,1681289129
523,85,920892,watch,5,1681289129
524,85,918385,watch,5,1681289129
525,85,918367,watch,5,1681289129
526,85,918364,watch,5,1681289129
527,85,920944,watch,5,1681289129
528,85,918383,watch,5,1681289129
529,87,920830,watch,4,1681289129
530,87,920813,watch,4,1681289129
531,87,918348,watch,4,1681289129
532,87,918307,watch,5,1681289129
533,87,920879,watch,5,1681289129
534,87,920799,watch,4,1681289129
535,87,920883,watch,5,1681289129
536,87,920801,watch,4,1681289129
537,87,920812,watch,5,1681289129
538,87,918330,watch,4,1681289129
539,88,918341,watch,4,1681289129
540,88,918357,watch,5,1681289129
541,88,918363,watch,3,1681289129
542,88,920816,watch,4,1681289129
543,88,918369,watch,5,1681289129
544,88,918366,watch,5,1681289129
545,88,918316,watch,5,1681289129
546,89,920872,watch,5,1681289129
547,89,920948,watch,4,1681289129
548,89,918384,watch,5,1681289129
549,90,920916,watch,5,1681289129
550,90,918307,watch,5,1681289129
551,90,918332,watch,5,1681289129
552,90,920867,watch,5,1681289129
553,90,920928,watch,5,1681289129
554,90,920865,watch,5,1681289129
555,90,920812,watch,5,1681289129
556,90,920929,watch,5,1681289129
557,90,918370,watch,5,1681289129
558,90,918359,watch,5,1681289129
559,91,918314,watch,5,1681289129
560,91,920883,watch,5,1681289129
561,91,918364,watch,5,1681289129
562,91,920865,watch,5,1681289129
563,91,920828,watch,5,1681289129
564,91,920827,watch,5,1681289129
565,91,918357,watch,5,1681289129
566,91,920872,watch,5,1681289129
567,91,920812,watch,5,1681289129
568,91,920915,watch,5,1681289129
569,92,920822,watch,5,1681289129
570,92,920833,watch,5,1681289129
571,92,920929,watch,5,1681289129
572,92,918325,watch,5,1681289129
573,92,918375,watch,5,1681289129
574,92,920815,watch,5,1681289129
575,92,918314,watch,5,1681289129
576,92,920812,watch,5,1681289129
577,92,920891,watch,5,1681289129
578,92,918354,watch,5,1681289129
579,93,918387,watch,5,1681289129
580,93,918320,watch,5,1681289129
581,93,920915,watch,5,1681289129
582,93,920918,watch,5,1681289129
583,93,918345,watch,5,1681289129
584,93,918354,watch,5,1681289129
585,93,920841,watch,5,1681289129
586,93,918338,watch,5,1681289129
587,94,918348,watch,4,1681289129
588,94,920800,watch,4,1681289129
589,94,920799,watch,4,1681289129
590,94,920816,watch,4,1681289129
591,95,918314,watch,5,1681289129
592,95,918317,watch,5,1681289129
593,95,920822,watch,5,1681289129
594,95,920892,watch,5,1681289129
595,95,918319,watch,5,1681289129
596,95,918316,watch,5,1681289129
597,95,920928,watch,5,1681289129
598,95,918357,watch,5,1681289129
599,95,920916,watch,5,1681289129
600,95,920864,watch,5,1681289129
601,97,920818,watch,5,1681289130
602,97,920904,watch,5,1681289130
603,97,920811,watch,5,1681289130
604,97,920816,watch,4,1681289130
605,97,920829,watch,5,1681289130
606,97,920838,watch,4,1681289130
607,97,920891,watch,5,1681289130
608,97,920864,watch,5,1681289130
609,97,920916,watch,5,1681289130
610,97,920878,watch,5,1681289130
611,98,920829,watch,5,1681289130
612,98,918359,watch,5,1681289130
613,98,918341,watch,4,1681289130
614,98,918345,watch,5,1681289130
615,98,920878,watch,5,1681289130
616,98,918311,watch,5,1681289130
617,99,920874,watch,5,1681289130
618,100,918332,watch,5,1681289130
619,100,920883,watch,5,1681289130
620,100,920815,watch,5,1681289130
621,100,920923,watch,5,1681289130
622,100,918375,watch,5,1681289130
623,100,920827,watch,5,1681289130
624,100,920891,watch,5,1681289130
625,100,918356,watch,5,1681289130
626,100,920822,watch,5,1681289130
627,100,920833,watch,5,1681289130
628,101,920891,watch,5,1681289130
629,101,920883,watch,5,1681289130
630,101,920878,watch,5,1681289130
631,101,920929,watch,5,1681289130
632,101,920934,watch,5,1681289130
633,101,920918,watch,5,1681289130
634,101,920877,watch,5,1681289130
635,101,920833,watch,5,1681289130
636,101,918314,watch,5,1681289130
637,101,920916,watch,5,1681289130
638,102,918356,watch,5,1681289130
639,102,920941,watch,5,1681289130
640,102,918369,watch,5,1681289130
641,102,920827,watch,5,1681289130
642,102,918359,watch,5,1681289130
643,102,920840,watch,5,1681289130
644,102,920867,watch,5,1681289130
645,102,920862,watch,5,1681289130
646,102,918325,watch,5,1681289130
647,102,918307,watch,5,1681289130
648,104,920829,watch,5,1681289130
649,104,920816,watch,4,1681289130
650,104,920813,watch,4,1681289130
651,104,918330,watch,4,1681289130
652,104,920799,watch,4,1681289130
653,104,918386,watch,4,1681289130
654,104,918333,watch,5,1681289130
655,105,918314,watch,5,1681289130
656,105,918364,watch,5,1681289130
657,105,918335,watch,5,1681289130
658,105,920944,watch,5,1681289130
659,105,918316,watch,5,1681289130
660,105,920928,watch,5,1681289130
661,105,920843,watch,5,1681289130
662,105,918317,watch,5,1681289130
663,105,918383,watch,5,1681289130
664,105,920877,watch,5,1681289130
665,109,918386,watch,4,1681289130
666,109,920813,watch,4,1681289130
667,109,920810,watch,5,1681289130
668,109,920806,watch,4,1681289130
669,109,920816,watch,4,1681289130
670,109,918350,watch,4,1681289130
671,109,918329,watch,4,1681289130
672,109,918348,watch,4,1681289130
673,109,918333,watch,5,1681289130
674,110,918357,watch,5,1681289130
675,110,920817,watch,5,1681289130
676,110,920918,watch,5,1681289130
677,110,920928,watch,5,1681289130
678,110,920878,watch,5,1681289130
679,110,918356,watch,5,1681289130
680,110,918370,watch,5,1681289130
681,110,920862,watch,5,1681289130
682,110,918307,watch,5,1681289130
683,110,920916,watch,5,1681289130
684,111,918382,watch,5,1681289130
685,111,918354,watch,5,1681289130
686,111,920862,watch,5,1681289130
687,111,918319,watch,5,1681289130
688,111,918357,watch,5,1681289130
689,111,920828,watch,5,1681289130
690,111,918332,watch,5,1681289130
691,111,918320,watch,5,1681289130
692,111,920822,watch,5,1681289130
693,111,920812,watch,5,1681289130
694,112,918319,watch,5,1681289130
695,112,920812,watch,5,1681289130
696,112,918320,watch,5,1681289130
697,112,920865,watch,5,1681289130
698,112,920941,watch,5,1681289130
699,112,918354,watch,5,1681289130
700,112,918332,watch,5,1681289130
701,112,918382,watch,5,1681289130
702,112,920934,watch,5,1681289130
703,112,918325,watch,5,1681289130
704,113,920914,watch,4,1681289130
705,113,918345,watch,5,1681289130
706,113,920923,watch,5,1681289130
707,113,920841,watch,5,1681289130
708,113,920860,watch,5,1681289130
709,114,920808,watch,4,1681289130
710,114,918316,watch,5,1681289130
711,114,920816,watch,4,1681289130
712,114,920813,watch,4,1681289130
713,115,920923,watch,5,1681289130
714,115,920877,watch,5,1681289130
715,115,920822,watch,5,1681289130
716,115,920864,watch,5,1681289130
717,115,920928,watch,5,1681289130
718,115,920926,watch,5,1681289130
719,115,918335,watch,5,1681289130
720,115,918317,watch,5,1681289130
721,115,920825,watch,5,1681289130
722,115,918367,watch,5,1681289130
723,117,920874,watch,5,1681289130
724,118,920954,watch,5,1681289130
725,118,920949,watch,5,1681289130
726,118,920952,watch,4,1681289130
727,119,918330,watch,4,1681289130
728,119,920816,watch,4,1681289130
729,119,920800,watch,4,1681289130
730,119,920812,watch,5,1681289130
731,119,920811,watch,5,1681289130
732,119,920799,watch,4,1681289130
733,119,920808,watch,4,1681289130
734,120,918382,watch,5,1681289130
735,120,920828,watch,5,1681289130
736,120,920877,watch,5,1681289130
737,120,920822,watch,5,1681289130
738,120,918354,watch,5,1681289130
739,120,918332,watch,5,1681289130
740,120,918370,watch,5,1681289130
741,120,920929,watch,5,1681289130
742,120,920916,watch,5,1681289130
743,120,920934,watch,5,1681289130
744,121,918314,watch,5,1681289130
745,121,920891,watch,5,1681289130
746,121,918320,watch,5,1681289130
747,121,920941,watch,5,1681289130
748,121,920812,watch,5,1681289130
749,121,920916,watch,5,1681289130
750,121,918369,watch,5,1681289130
751,121,918356,watch,5,1681289130
752,121,920915,watch,5,1681289130
753,121,920883,watch,5,1681289130
754,122,920934,watch,5,1681289130
755,122,920915,watch,5,1681289130
756,122,918370,watch,5,1681289130
757,122,920918,watch,5,1681289130
758,122,918325,watch,5,1681289130
759,122,918357,watch,5,1681289130
760,122,920891,watch,5,1681289130
761,122,920822,watch,5,1681289130
762,122,920878,watch,5,1681289130
763,122,918320,watch,5,1681289130
764,124,918360,watch,5,1681289130
765,124,918316,watch,5,1681289130
766,124,918362,watch,4,1681289130
767,124,918341,watch,4,1681289130
768,124,920876,watch,5,1681289130
769,124,920928,watch,5,1681289130
770,124,918370,watch,5,1681289130
771,124,918311,watch,5,1681289130
772,124,920860,watch,5,1681289130
773,125,920942,watch,5,1681289130
774,125,920916,watch,5,1681289130
775,125,920843,watch,5,1681289130
776,125,920872,watch,5,1681289130
777,125,920822,watch,5,1681289130
778,125,918317,watch,5,1681289130
779,125,920874,watch,5,1681289130
780,125,918335,watch,5,1681289130
781,125,920824,watch,5,1681289130
782,125,918316,watch,5,1681289130
783,127,920702,watch,5,1681289130
784,127,918378,watch,4,1681289130
785,127,920910,watch,4,1681289130
786,127,920920,watch,5,1681289130
787,127,918311,watch,5,1681289130
788,127,918387,watch,5,1681289130
789,127,918351,watch,4,1681289130
790,128,918353,watch,5,1681289130
791,128,918340,watch,5,1681289130
792,128,920914,watch,4,1681289130
793,128,920910,watch,4,1681289130
794,128,918346,watch,5,1681289130
795,128,920917,watch,4,1681289130
796,128,920908,watch,4,1681289130
797,129,918329,watch,4,1681289130
798,129,920812,watch,5,1681289130
799,129,918316,watch,5,1681289130
800,129,920810,watch,5,1681289131
801,129,918350,watch,4,1681289131
802,129,920816,watch,4,1681289131
803,130,920883,watch,5,1681289131
804,130,920828,watch,5,1681289131
805,130,920840,watch,5,1681289131
806,130,920827,watch,5,1681289131
807,130,920923,watch,5,1681289131
808,130,920872,watch,5,1681289131
809,130,920916,watch,5,1681289131
810,130,918359,watch,5,1681289131
811,130,920913,watch,5,1681289131
812,130,920941,watch,5,1681289131
813,131,918364,watch,5,1681289131
814,131,918325,watch,5,1681289131
815,131,920923,watch,5,1681289131
816,131,920883,watch,5,1681289131
817,131,918354,watch,5,1681289131
818,131,918356,watch,5,1681289131
819,131,920867,watch,5,1681289131
820,131,918382,watch,5,1681289131
821,131,920833,watch,5,1681289131
822,131,920913,watch,5,1681289131
823,132,920916,watch,5,1681289131
824,132,920865,watch,5,1681289131
825,132,920815,watch,5,1681289131
826,132,918359,watch,5,1681289131
827,132,918370,watch,5,1681289131
828,132,918356,watch,5,1681289131
829,132,918314,watch,5,1681289131
830,132,918357,watch,5,1681289131
831,132,920812,watch,5,1681289131
832,132,920822,watch,5,1681289131
833,133,918329,watch,4,1681289131
834,133,918333,watch,5,1681289131
835,134,920903,watch,4,1681289131
836,134,920863,watch,4,1681289131
837,134,920833,watch,5,1681289131
838,134,920821,watch,3,1681289131
839,134,920837,watch,4,1681289131
840,135,918333,watch,5,1681289131
841,135,918366,watch,5,1681289131
842,135,918319,watch,5,1681289131
843,135,918335,watch,5,1681289131
844,135,920916,watch,5,1681289131
845,135,920942,watch,5,1681289131
846,135,920925,watch,5,1681289131
847,135,918364,watch,5,1681289131
848,135,920875,watch,5,1681289131
849,135,918369,watch,5,1681289131
850,137,920837,watch,4,1681289131
851,137,920818,watch,5,1681289131
852,137,918333,watch,5,1681289131
853,137,918341,watch,4,1681289131
854,137,920878,watch,5,1681289131
855,137,920822,watch,5,1681289131
856,137,920823,watch,5,1681289131
857,138,920813,watch,4,1681289131
858,138,920802,watch,4,1681289131
859,138,918333,watch,5,1681289131
860,139,920802,watch,4,1681289131
861,139,918316,watch,5,1681289131
862,139,920829,watch,5,1681289131
863,140,918359,watch,5,1681289131
864,140,920928,watch,5,1681289131
865,140,918369,watch,5,1681289131
866,140,918320,watch,5,1681289131
867,140,918357,watch,5,1681289131
868,140,920822,watch,5,1681289131
869,140,918332,watch,5,1681289131
870,140,918354,watch,5,1681289131
871,140,920929,watch,5,1681289131
872,140,920815,watch,5,1681289131
873,141,918357,watch,5,1681289131
874,141,920822,watch,5,1681289131
875,141,918325,watch,5,1681289131
876,141,920915,watch,5,1681289131
877,141,918307,watch,5,1681289131
878,141,918369,watch,5,1681289131
879,141,918382,watch,5,1681289131
880,141,920878,watch,5,1681289131
881,141,920941,watch,5,1681289131
882,141,920928,watch,5,1681289131
883,142,920913,watch,5,1681289131
884,142,920864,watch,5,1681289131
885,142,918375,watch,5,1681289131
886,142,918382,watch,5,1681289131
887,142,918364,watch,5,1681289131
888,142,920928,watch,5,1681289131
889,142,920828,watch,5,1681289131
890,142,920815,watch,5,1681289131
891,142,918325,watch,5,1681289131
892,142,920883,watch,5,1681289131
893,143,920911,watch,5,1681289131
894,143,918351,watch,4,1681289131
895,143,918340,watch,5,1681289131
896,143,918320,watch,5,1681289131
897,143,918346,watch,5,1681289131
898,143,918349,watch,4,1681289131
899,143,918335,watch,3,1681289131
900,143,920915,watch,5,1681289131
901,143,918354,watch,5,1681289131
902,144,918371,watch,5,1681289131
903,144,918377,watch,5,1681289131
904,144,918375,watch,5,1681289131
905,145,920942,watch,5,1681289131
906,145,920825,watch,5,1681289131
907,145,918314,watch,5,1681289131
908,145,920925,watch,5,1681289131
909,145,920874,watch,5,1681289131
910,145,918319,watch,5,1681289131
911,145,920926,watch,5,1681289131
912,145,920923,watch,5,1681289131
913,145,920815,watch,5,1681289131
914,145,920877,watch,5,1681289131
915,147,920859,watch,4,1681289131
916,147,920833,watch,5,1681289131
917,147,920903,watch,4,1681289131
918,147,920839,watch,5,1681289131
919,147,920868,watch,5,1681289131
920,147,920838,watch,4,1681289131
921,148,920883,watch,5,1681289131
922,148,920838,watch,4,1681289131
923,148,920834,watch,5,1681289131
924,148,918307,watch,5,1681289131
925,148,920818,watch,5,1681289131
926,148,918329,watch,4,1681289131
927,148,920904,watch,5,1681289131
928,148,920823,watch,5,1681289131
929,148,918349,watch,4,1681289131
930,148,920885,watch,5,1681289131
931,149,918349,watch,4,1681289131
932,149,918346,watch,5,1681289131
933,149,918355,watch,4,1681289131
934,149,920915,watch,5,1681289131
935,149,920917,watch,4,1681289131
936,149,920920,watch,5,1681289131
937,149,920923,watch,5,1681289131
938,149,918311,watch,5,1681289131
939,150,920827,watch,5,1681289131
940,150,920941,watch,5,1681289131
941,150,920928,watch,5,1681289131
942,150,920828,watch,5,1681289131
943,150,918370,watch,5,1681289131
944,150,918359,watch,5,1681289131
945,150,918332,watch,5,1681289131
946,150,918356,watch,5,1681289131
947,150,920929,watch,5,1681289131
948,150,918325,watch,5,1681289131
949,151,920913,watch,5,1681289131
950,151,918332,watch,5,1681289131
951,151,920865,watch,5,1681289131
952,151,918320,watch,5,1681289131
953,151,918319,watch,5,1681289131
954,151,920840,watch,5,1681289131
955,151,918325,watch,5,1681289131
956,151,920923,watch,5,1681289131
957,151,918307,watch,5,1681289131
958,151,920878,watch,5,1681289131
959,152,918332,watch,5,1681289131
960,152,920883,watch,5,1681289131
961,152,920941,watch,5,1681289131
962,152,918370,watch,5,1681289131
963,152,920877,watch,5,1681289131
964,152,920918,watch,5,1681289131
965,152,920878,watch,5,1681289131
966,152,918375,watch,5,1681289131
967,152,920929,watch,5,1681289131
968,152,918364,watch,5,1681289131
969,153,920828,watch,5,1681289131
970,153,920840,watch,5,1681289131
971,153,920811,watch,5,1681289131
972,153,920835,watch,5,1681289131
973,153,920822,watch,5,1681289131
974,153,918333,watch,5,1681289131
975,153,920836,watch,4,1681289131
976,153,920819,watch,5,1681289131
977,153,920806,watch,4,1681289131
978,153,918350,watch,4,1681289131
979,154,918372,watch,4,1681289131
980,154,920899,watch,5,1681289131
981,154,918374,watch,4,1681289131
982,154,918380,watch,4,1681289131
983,154,918373,watch,5,1681289131
984,154,918375,watch,5,1681289131
985,155,920926,watch,5,1681289131
986,155,920841,watch,5,1681289131
987,155,918317,watch,5,1681289131
988,155,920944,watch,5,1681289131
989,155,920827,watch,5,1681289131
990,155,920865,watch,5,1681289131
991,155,918356,watch,5,1681289131
992,155,920824,watch,5,1681289131
993,155,920928,watch,5,1681289131
994,155,920872,watch,5,1681289131
995,157,920872,watch,5,1681289131
996,157,920938,watch,4,1681289131
997,157,920953,watch,4,1681289131
998,157,920952,watch,4,1681289131
999,158,918351,watch,4,1681289131
1000,158,918378,watch,4,1681289131
1001,158,918311,watch,5,1681289131
1002,158,920915,watch,5,1681289131
1003,158,918340,watch,5,1681289131
1004,158,918354,watch,5,1681289131
1005,158,918335,watch,3,1681289131
1006,159,920831,watch,5,1681289131
1007,159,918307,watch,5,1681289131
1008,159,918347,watch,4,1681289131
1009,159,920901,watch,4,1681289131
1010,159,920802,watch,4,1681289131
1011,159,920878,watch,5,1681289131
1012,159,918353,watch,5,1681289131
1013,159,920837,watch,4,1681289131
1014,159,920810,watch,5,1681289131
1015,159,918349,watch,4,1681289131
1016,160,920872,watch,5,1681289131
1017,160,920913,watch,5,1681289131
1018,160,918359,watch,5,1681289131
1019,160,920923,watch,5,1681289131
1020,160,918320,watch,5,1681289131
1021,160,920929,watch,5,1681289131
1022,160,918382,watch,5,1681289131
1023,160,918370,watch,5,1681289131
1024,160,918325,watch,5,1681289131
1025,160,920817,watch,5,1681289131
1026,161,920883,watch,5,1681289131
1027,161,918325,watch,5,1681289131
1028,161,920928,watch,5,1681289131
1029,161,920872,watch,5,1681289131
1030,161,920867,watch,5,1681289131
1031,161,920815,watch,5,1681289131
1032,161,920822,watch,5,1681289131
1033,161,920929,watch,5,1681289131
1034,161,918357,watch,5,1681289131
1035,161,918382,watch,5,1681289131
1036,162,920815,watch,5,1681289131
1037,162,918382,watch,5,1681289131
1038,162,920877,watch,5,1681289131
1039,162,918359,watch,5,1681289131
1040,162,920865,watch,5,1681289131
1041,162,920915,watch,5,1681289131
1042,162,918320,watch,5,1681289131
1043,162,920923,watch,5,1681289131
1044,162,920934,watch,5,1681289131
1045,162,920941,watch,5,1681289131
1046,165,920892,watch,5,1681289131
1047,165,920926,watch,5,1681289131
1048,165,920925,watch,5,1681289131
1049,165,918383,watch,5,1681289131
1050,165,918366,watch,5,1681289131
1051,165,920942,watch,5,1681289131
1052,165,920875,watch,5,1681289131
1053,165,920827,watch,5,1681289131
1054,165,920916,watch,5,1681289131
1055,165,918335,watch,5,1681289131
1056,167,920923,watch,5,1681289132
1057,167,918336,watch,4,1681289132
1058,167,918378,watch,4,1681289132
1059,167,918352,watch,5,1681289132
1060,167,918320,watch,5,1681289132
1061,167,918353,watch,5,1681289132
1062,167,920933,watch,4,1681289132
1063,167,920702,watch,5,1681289132
1064,167,918351,watch,4,1681289132
1065,167,918349,watch,4,1681289132
1066,168,920808,watch,4,1681289132
1067,168,920806,watch,4,1681289132
1068,168,918382,watch,5,1681289132
1069,168,920820,watch,4,1681289132
1070,168,918345,watch,5,1681289132
1071,168,920833,watch,5,1681289132
1072,168,920879,watch,5,1681289132
1073,168,920882,watch,4,1681289132
1074,168,920826,watch,5,1681289132
1075,168,920829,watch,5,1681289132
1076,169,920954,watch,5,1681289132
1077,169,920873,watch,5,1681289132
1078,169,918384,watch,5,1681289132
1079,169,920949,watch,5,1681289132
1080,170,920872,watch,5,1681289132
1081,170,920923,watch,5,1681289132
1082,170,918320,watch,5,1681289132
1083,170,920918,watch,5,1681289132
1084,170,920864,watch,5,1681289132
1085,170,920833,watch,5,1681289132
1086,170,920862,watch,5,1681289132
1087,170,918369,watch,5,1681289132
1088,170,918382,watch,5,1681289132
1089,170,920827,watch,5,1681289132
1090,171,920878,watch,5,1681289132
1091,171,920862,watch,5,1681289132
1092,171,920923,watch,5,1681289132
1093,171,920840,watch,5,1681289132
1094,171,918319,watch,5,1681289132
1095,171,920812,watch,5,1681289132
1096,171,918357,watch,5,1681289132
1097,171,920877,watch,5,1681289132
1098,171,920883,watch,5,1681289132
1099,171,920817,watch,5,1681289132
1100,172,918357,watch,5,1681289132
1101,172,920833,watch,5,1681289132
1102,172,920923,watch,5,1681289132
1103,172,918325,watch,5,1681289132
1104,172,918382,watch,5,1681289132
1105,172,920872,watch,5,1681289132
1106,172,920815,watch,5,1681289132
1107,172,918369,watch,5,1681289132
1108,172,920883,watch,5,1681289132
1109,172,920812,watch,5,1681289132
1110,174,918379,watch,4,1681289132
1111,174,918376,watch,5,1681289132
1112,174,918373,watch,5,1681289132
1113,175,918316,watch,5,1681289132
1114,175,918317,watch,5,1681289132
1115,175,918383,watch,5,1681289132
1116,175,920874,watch,5,1681289132
1117,175,918385,watch,5,1681289132
1118,175,920815,watch,5,1681289132
1119,175,920928,watch,5,1681289132
1120,175,920841,watch,5,1681289132
1121,175,920892,watch,5,1681289132
1122,175,920822,watch,5,1681289132
1123,177,920839,watch,5,1681289132
1124,177,920833,watch,5,1681289132
1125,177,920817,watch,5,1681289132
1126,178,918353,watch,5,1681289132
1127,178,920813,watch,4,1681289132
1128,178,920839,watch,5,1681289132
1129,178,920816,watch,4,1681289132
1130,178,920885,watch,5,1681289132
1131,178,918386,watch,4,1681289132
1132,178,920916,watch,5,1681289132
1133,179,920928,watch,5,1681289132
1134,179,918333,watch,5,1681289132
1135,179,918345,watch,5,1681289132
1136,179,918356,watch,5,1681289132
1137,179,920816,watch,4,1681289132
1138,179,920829,watch,5,1681289132
1139,180,920928,watch,5,1681289132
1140,180,920872,watch,5,1681289132
1141,180,920934,watch,5,1681289132
1142,180,920867,watch,5,1681289132
1143,180,918314,watch,5,1681289132
1144,180,920923,watch,5,1681289132
1145,180,918364,watch,5,1681289132
1146,180,920941,watch,5,1681289132
1147,180,918382,watch,5,1681289132
1148,180,920913,watch,5,1681289132
1149,181,918369,watch,5,1681289132
1150,181,920812,watch,5,1681289132
1151,181,920815,watch,5,1681289132
1152,181,918307,watch,5,1681289132
1153,181,918354,watch,5,1681289132
1154,181,918319,watch,5,1681289132
1155,181,920878,watch,5,1681289132
1156,181,920872,watch,5,1681289132
1157,181,920934,watch,5,1681289132
1158,181,920865,watch,5,1681289132
1159,182,920867,watch,5,1681289132
1160,182,920833,watch,5,1681289132
1161,182,920918,watch,5,1681289132
1162,182,920923,watch,5,1681289132
1163,182,920864,watch,5,1681289132
1164,182,920928,watch,5,1681289132
1165,182,920934,watch,5,1681289132
1166,182,920878,watch,5,1681289132
1167,182,918359,watch,5,1681289132
1168,182,920828,watch,5,1681289132
1169,183,918329,watch,4,1681289132
1170,183,920882,watch,4,1681289132
1171,183,918367,watch,4,1681289132
1172,183,918360,watch,5,1681289132
1173,183,918357,watch,5,1681289132
1174,183,918365,watch,5,1681289132
1175,183,918342,watch,4,1681289132
1176,183,920885,watch,5,1681289132
1177,183,918356,watch,5,1681289132
1178,183,918362,watch,4,1681289132
1179,184,918360,watch,5,1681289132
1180,184,918369,watch,5,1681289132
1181,184,918359,watch,5,1681289132
1182,184,920882,watch,4,1681289132
1183,184,920861,watch,5,1681289132
1184,184,918329,watch,4,1681289132
1185,184,918365,watch,5,1681289132
1186,185,920864,watch,5,1681289132
1187,185,920928,watch,5,1681289132
1188,185,920822,watch,5,1681289132
1189,185,918335,watch,5,1681289132
1190,185,920926,watch,5,1681289132
1191,185,920915,watch,5,1681289132
1192,185,918357,watch,5,1681289132
1193,185,920865,watch,5,1681289132
1194,185,920877,watch,5,1681289132
1195,185,920942,watch,5,1681289132
1196,187,920702,watch,5,1681289132
1197,187,918337,watch,5,1681289132
1198,187,918387,watch,5,1681289132
1199,187,920908,watch,4,1681289132
1200,187,918340,watch,5,1681289132
1201,187,918349,watch,4,1681289132
1202,187,918378,watch,4,1681289132
1203,187,920923,watch,5,1681289132
1204,187,918344,watch,4,1681289132
1205,187,918332,watch,5,1681289132
1206,188,920910,watch,4,1681289132
1207,188,918353,watch,5,1681289132
1208,188,918320,watch,5,1681289132
1209,188,918344,watch,4,1681289132
1210,189,918381,watch,5,1681289132
1211,190,918307,watch,5,1681289132
1212,190,920877,watch,5,1681289132
1213,190,918359,watch,5,1681289132
1214,190,918369,watch,5,1681289132
1215,190,918332,watch,5,1681289132
1216,190,920891,watch,5,1681289132
1217,190,918325,watch,5,1681289132
1218,190,920828,watch,5,1681289132
1219,190,920827,watch,5,1681289132
1220,190,920916,watch,5,1681289132
1221,191,920815,watch,5,1681289132
1222,191,918357,watch,5,1681289132
1223,191,918356,watch,5,1681289132
1224,191,920929,watch,5,1681289132
1225,191,920840,watch,5,1681289132
1226,191,918359,watch,5,1681289132
1227,191,918382,watch,5,1681289132
1228,191,920862,watch,5,1681289132
1229,191,918307,watch,5,1681289132
1230,191,920827,watch,5,1681289132
1231,192,918359,watch,5,1681289132
1232,192,918319,watch,5,1681289132
1233,192,918370,watch,5,1681289132
1234,192,920891,watch,5,1681289132
1235,192,920928,watch,5,1681289132
1236,192,920913,watch,5,1681289132
1237,192,920915,watch,5,1681289132
1238,192,918364,watch,5,1681289132
1239,192,920815,watch,5,1681289132
1240,192,918357,watch,5,1681289132
1241,193,918312,watch,4,1681289132
1242,194,918345,watch,5,1681289132
1243,194,918342,watch,4,1681289132
1244,194,918361,watch,5,1681289132
1245,194,918359,watch,5,1681289132
1246,194,918362,watch,4,1681289132
1247,194,918370,watch,5,1681289132
1248,194,920878,watch,5,1681289132
1249,194,918365,watch,5,1681289132
1250,194,918341,watch,4,1681289132
1251,195,920874,watch,5,1681289132
1252,195,920942,watch,5,1681289132
1253,195,918364,watch,5,1681289132
1254,195,920923,watch,5,1681289132
1255,195,920827,watch,5,1681289132
1256,195,918356,watch,5,1681289132
1257,195,920925,watch,5,1681289132
1258,195,920841,watch,5,1681289132
1259,195,918316,watch,5,1681289132
1260,195,918335,watch,5,1681289132
1261,198,920833,watch,5,1681289132
1262,198,920821,watch,3,1681289132
1263,198,920806,watch,4,1681289132
1264,198,920867,watch,5,1681289132
1265,198,918347,watch,4,1681289132
1266,198,920882,watch,4,1681289132
1267,198,920829,watch,5,1681289132
1268,198,920879,watch,5,1681289132
1269,198,920885,watch,5,1681289132
1270,198,920891,watch,5,1681289132
1271,199,920852,watch,4,1681289132
1272,200,920815,watch,5,1681289133
1273,200,918307,watch,5,1681289133
1274,200,920913,watch,5,1681289133
1275,200,920941,watch,5,1681289133
1276,200,920915,watch,5,1681289133
1277,200,918332,watch,5,1681289133
1278,200,920812,watch,5,1681289133
1279,200,920878,watch,5,1681289133
1280,200,920828,watch,5,1681289133
1281,200,918382,watch,5,1681289133
